<application>
  <component name="CodeInsightSettings">
    <option name="COMPLETION_CASE_SENSITIVE" value="2" />
    <EXCLUDED_PACKAGE NAME="autovalue.shaded" />
    <EXCLUDED_PACKAGE NAME="avro.shaded" />
    <EXCLUDED_PACKAGE NAME="com.beust.jcommander.internal" />
    <EXCLUDED_PACKAGE NAME="com.sun.istack" />
    <EXCLUDED_PACKAGE NAME="jline.internal" />
    <EXCLUDED_PACKAGE NAME="joptsimple.internal" />
    <EXCLUDED_PACKAGE NAME="junit.framework.Assert" />
    <EXCLUDED_PACKAGE NAME="junit.framework.Assert" />
    <EXCLUDED_PACKAGE NAME="org.assertj.core.util" />
    <EXCLUDED_PACKAGE NAME="org.flywaydb.core.internal.util" />
    <EXCLUDED_PACKAGE NAME="org.hibernate.validator.internal" />
    <EXCLUDED_PACKAGE NAME="org.mockito.internal.util.collections" />
    <EXCLUDED_PACKAGE NAME="org.mockito.internal.verification.VerificationModeFactory" />
  </component>
  <component name="DaemonCodeAnalyzerSettings" profile="YYAthena" />
</application>