<application>
  <component name="FileTypeManager" version="17">
    <extensionMap>
      <mapping ext="api" type="JAVA" />
      <mapping pattern="adb" type="PLAIN_TEXT" />
      <mapping pattern="IntArray1" type="PLAIN_TEXT" />
      <mapping pattern="DownloadItemView.api" type="PLAIN_TEXT" />
      <mapping pattern="DownloadItemView" type="PLAIN_TEXT" />
      <mapping pattern="et" type="PLAIN_TEXT" />
      <mapping ext="jet" type="PLAIN_TEXT" />
      <mapping ext="kpi" type="PLAIN_TEXT" />
      <mapping ext="keystore" type="PLAIN_TEXT" />
    </extensionMap>
  </component>
</application>