<application>
  <component name="ProjectManager">
    <defaultProject>
      <component name="CMakeSettings">
        <configurations>
          <configuration PROFILE_NAME="Debug" CONFIG_NAME="Debug" />
        </configurations>
      </component>
      <component name="CheckStyle-IDEA">
        <option name="configuration">
          <map>
            <entry key="checkstyle-version" value="8.18" />
            <entry key="copy-libs" value="false" />
            <entry key="location-0" value="BUNDLED:(bundled):Sun Checks" />
            <entry key="location-1" value="BUNDLED:(bundled):Google Checks" />
            <entry key="location-2" value="HTTP_URL:https://git.yy.com/opensource/athena/AndroidCodeStyle/raw/master/checkstyle.xml:YYAthena" />
            <entry key="scan-before-checkin" value="false" />
            <entry key="scanscope" value="AllSources" />
            <entry key="suppress-errors" value="false" />
          </map>
        </option>
      </component>
      <component name="GradleLocalSettings">
        <option name="projectSyncType">
          <map>
            <entry key="$USER_HOME$/Projects/Biugo/biugo-android" value="PREVIEW" />
          </map>
        </option>
      </component>
      <component name="ProjectCodeStyleConfiguration">
        <code_scheme name="Project" version="173">
          <codeStyleSettings language="XML">
            <indentOptions>
              <option name="CONTINUATION_INDENT_SIZE" value="4" />
            </indentOptions>
            <arrangement>
              <rules>
                <section>
                  <rule>
                    <match>
                      <AND>
                        <NAME>xmlns:android</NAME>
                        <XML_ATTRIBUTE />
                        <XML_NAMESPACE>^$</XML_NAMESPACE>
                      </AND>
                    </match>
                  </rule>
                </section>
                <section>
                  <rule>
                    <match>
                      <AND>
                        <NAME>xmlns:.*</NAME>
                        <XML_ATTRIBUTE />
                        <XML_NAMESPACE>^$</XML_NAMESPACE>
                      </AND>
                    </match>
                    <order>BY_NAME</order>
                  </rule>
                </section>
                <section>
                  <rule>
                    <match>
                      <AND>
                        <NAME>.*:id</NAME>
                        <XML_ATTRIBUTE />
                        <XML_NAMESPACE>http://schemas.android.com/apk/res/android</XML_NAMESPACE>
                      </AND>
                    </match>
                  </rule>
                </section>
                <section>
                  <rule>
                    <match>
                      <AND>
                        <NAME>.*:name</NAME>
                        <XML_ATTRIBUTE />
                        <XML_NAMESPACE>http://schemas.android.com/apk/res/android</XML_NAMESPACE>
                      </AND>
                    </match>
                  </rule>
                </section>
                <section>
                  <rule>
                    <match>
                      <AND>
                        <NAME>name</NAME>
                        <XML_ATTRIBUTE />
                        <XML_NAMESPACE>^$</XML_NAMESPACE>
                      </AND>
                    </match>
                  </rule>
                </section>
                <section>
                  <rule>
                    <match>
                      <AND>
                        <NAME>style</NAME>
                        <XML_ATTRIBUTE />
                        <XML_NAMESPACE>^$</XML_NAMESPACE>
                      </AND>
                    </match>
                  </rule>
                </section>
                <section>
                  <rule>
                    <match>
                      <AND>
                        <NAME>.*</NAME>
                        <XML_ATTRIBUTE />
                        <XML_NAMESPACE>^$</XML_NAMESPACE>
                      </AND>
                    </match>
                    <order>BY_NAME</order>
                  </rule>
                </section>
                <section>
                  <rule>
                    <match>
                      <AND>
                        <NAME>.*</NAME>
                        <XML_ATTRIBUTE />
                        <XML_NAMESPACE>http://schemas.android.com/apk/res/android</XML_NAMESPACE>
                      </AND>
                    </match>
                    <order>ANDROID_ATTRIBUTE_ORDER</order>
                  </rule>
                </section>
                <section>
                  <rule>
                    <match>
                      <AND>
                        <NAME>.*</NAME>
                        <XML_ATTRIBUTE />
                        <XML_NAMESPACE>.*</XML_NAMESPACE>
                      </AND>
                    </match>
                    <order>BY_NAME</order>
                  </rule>
                </section>
              </rules>
            </arrangement>
          </codeStyleSettings>
        </code_scheme>
      </component>
      <component name="ProjectInspectionProfilesVisibleTreeState">
        <entry key="Project Default">
          <profile-state>
            <expanded-state>
              <State />
              <State>
                <id>Android</id>
              </State>
              <State>
                <id>Application SizePerformanceLintAndroid</id>
              </State>
              <State>
                <id>Assignment issuesGroovy</id>
              </State>
              <State>
                <id>Assignment issuesJava</id>
              </State>
              <State>
                <id>Bidirectional TextInternationalizationLintAndroid</id>
              </State>
              <State>
                <id>C/C++</id>
              </State>
              <State>
                <id>Chrome OSCorrectnessLintAndroid</id>
              </State>
              <State>
                <id>Class metricsJava</id>
              </State>
              <State>
                <id>Class structureJava</id>
              </State>
              <State>
                <id>ClassesObjective-C</id>
              </State>
              <State>
                <id>Code style issuesJava</id>
              </State>
              <State>
                <id>ComplianceLintAndroid</id>
              </State>
              <State>
                <id>Control flow issuesGroovy</id>
              </State>
              <State>
                <id>Control flow issuesJava</id>
              </State>
              <State>
                <id>CorrectnessLintAndroid</id>
              </State>
              <State>
                <id>Declaration orderC/C++</id>
              </State>
              <State>
                <id>Declaration redundancyJava</id>
              </State>
              <State>
                <id>Error handlingJava</id>
              </State>
              <State>
                <id>FinalizationJava</id>
              </State>
              <State>
                <id>FunctionsC/C++</id>
              </State>
              <State>
                <id>General</id>
              </State>
              <State>
                <id>GeneralC/C++</id>
              </State>
              <State>
                <id>GeneralObjective-C</id>
              </State>
              <State>
                <id>Gradle</id>
              </State>
              <State>
                <id>Groovy</id>
              </State>
              <State>
                <id>IconsUsabilityLintAndroid</id>
              </State>
              <State>
                <id>Inheritance issuesJava</id>
              </State>
              <State>
                <id>InternationalizationJava</id>
              </State>
              <State>
                <id>InternationalizationLintAndroid</id>
              </State>
              <State>
                <id>J2ME issuesJava</id>
              </State>
              <State>
                <id>JSON and JSON5</id>
              </State>
              <State>
                <id>JUnitJava</id>
              </State>
              <State>
                <id>Java</id>
              </State>
              <State>
                <id>Java 10Java language level migration aidsJava</id>
              </State>
              <State>
                <id>Java 5Java language level migration aidsJava</id>
              </State>
              <State>
                <id>Java 7Java language level migration aidsJava</id>
              </State>
              <State>
                <id>Java 8Java language level migration aidsJava</id>
              </State>
              <State>
                <id>Java 9Java language level migration aidsJava</id>
              </State>
              <State>
                <id>Java interop issuesKotlin</id>
              </State>
              <State>
                <id>Java language level migration aidsJava</id>
              </State>
              <State>
                <id>JavadocJava</id>
              </State>
              <State>
                <id>Kotlin</id>
              </State>
              <State>
                <id>Language Injection</id>
              </State>
              <State>
                <id>LintAndroid</id>
              </State>
              <State>
                <id>LoggingJava</id>
              </State>
              <State>
                <id>MessagesCorrectnessLintAndroid</id>
              </State>
              <State>
                <id>Method metricsGroovy</id>
              </State>
              <State>
                <id>Method metricsJava</id>
              </State>
              <State>
                <id>Numeric issuesJava</id>
              </State>
              <State>
                <id>Objective-C</id>
              </State>
              <State>
                <id>Other problemsKotlin</id>
              </State>
              <State>
                <id>Packaging issuesJava</id>
              </State>
              <State>
                <id>Pattern Validation</id>
              </State>
              <State>
                <id>PerformanceJava</id>
              </State>
              <State>
                <id>PerformanceLintAndroid</id>
              </State>
              <State>
                <id>Plugin DevKit</id>
              </State>
              <State>
                <id>Potentially confusing code constructsGroovy</id>
              </State>
              <State>
                <id>Probable bugsGradle</id>
              </State>
              <State>
                <id>Probable bugsJava</id>
              </State>
              <State>
                <id>Probable bugsKotlin</id>
              </State>
              <State>
                <id>Properties Files</id>
              </State>
              <State>
                <id>PropertiesObjective-C</id>
              </State>
              <State>
                <id>Redundant constructsKotlin</id>
              </State>
              <State>
                <id>RegExp</id>
              </State>
              <State>
                <id>SecurityLintAndroid</id>
              </State>
              <State>
                <id>Serialization issuesJava</id>
              </State>
              <State>
                <id>Style issuesKotlin</id>
              </State>
              <State>
                <id>TestNGJava</id>
              </State>
              <State>
                <id>Threading issuesGroovy</id>
              </State>
              <State>
                <id>Type checksC/C++</id>
              </State>
              <State>
                <id>TypographyUsabilityLintAndroid</id>
              </State>
              <State>
                <id>Unused codeC/C++</id>
              </State>
              <State>
                <id>UsabilityLintAndroid</id>
              </State>
              <State>
                <id>Validity issuesGroovy</id>
              </State>
              <State>
                <id>XML</id>
              </State>
              <State>
                <id>YAML</id>
              </State>
            </expanded-state>
          </profile-state>
        </entry>
      </component>
      <component name="PropertiesComponent">
        <property name="android.sdk.path" value="$USER_HOME$/Library/Android/sdk" />
        <property name="settings.editor.selected.configurable" value="AndroidSdkUpdater" />
      </component>
      <component name="VcsContentAnnotationSettings">
        <option name="myLimit" value="2678400000" />
      </component>
      <component name="masterDetails">
        <states>
          <state key="ProjectJDKs.UI">
            <settings>
              <last-edited>1.8</last-edited>
              <splitter-proportions>
                <option name="proportions">
                  <list>
                    <option value="0.2" />
                  </list>
                </option>
              </splitter-proportions>
            </settings>
          </state>
        </states>
      </component>
    </defaultProject>
  </component>
</application>