<application>
  <component name="DependencyUISettings">
    <option name="UI_FLATTEN_PACKAGES" value="false" />
    <option name="UI_SHOW_FILES" value="false" />
    <option name="UI_SHOW_MODULES" value="false" />
    <option name="UI_GROUP_BY_SCOPE_TYPE" value="false" />
    <option name="SCOPE_TYPE" value="file" />
  </component>
  <component name="UISettings">
    <option name="FONT_FACE" value=".SF NS Text" />
    <option name="FONT_SCALE" value="1.0" />
    <option name="FONT_SIZE" value="16" />
    <option name="OVERRIDE_NONIDEA_LAF_FONTS" value="true" />
    <option name="PRESENTATION_MODE_FONT_SIZE" value="20" />
  </component>
</application>