<keymap version="1" name="Mac_Outer_Keyboard" parent="Mac OS X 10.5+">
  <action id="$Copy">
    <keyboard-shortcut first-keystroke="meta c" />
    <keyboard-shortcut first-keystroke="ctrl c" />
  </action>
  <action id="$Cut">
    <keyboard-shortcut first-keystroke="meta x" />
    <keyboard-shortcut first-keystroke="ctrl x" />
  </action>
  <action id="$Paste">
    <keyboard-shortcut first-keystroke="meta v" />
    <keyboard-shortcut first-keystroke="ctrl v" />
  </action>
  <action id="$Redo">
    <keyboard-shortcut first-keystroke="shift alt z" />
    <keyboard-shortcut first-keystroke="shift meta z" />
  </action>
  <action id="$Undo">
    <keyboard-shortcut first-keystroke="ctrl z" />
    <keyboard-shortcut first-keystroke="meta z" />
  </action>
  <action id="CompareTwoFiles" />
  <action id="Diff.ShowDiff" />
  <action id="Editor Copy">
    <keyboard-shortcut first-keystroke="ctrl c" />
  </action>
  <action id="Editor Cut">
    <keyboard-shortcut first-keystroke="ctrl x" />
  </action>
  <action id="Editor Paste">
    <keyboard-shortcut first-keystroke="ctrl v" />
  </action>
  <action id="Editor Redo">
    <keyboard-shortcut first-keystroke="shift alt z" />
    <keyboard-shortcut first-keystroke="shift meta z" />
  </action>
  <action id="Editor Undo">
    <keyboard-shortcut first-keystroke="ctrl z" />
    <keyboard-shortcut first-keystroke="meta z" />
  </action>
  <action id="EditorDown">
    <keyboard-shortcut first-keystroke="down" />
  </action>
  <action id="EditorDuplicate">
    <keyboard-shortcut first-keystroke="ctrl alt down" />
    <keyboard-shortcut first-keystroke="meta d" />
  </action>
  <action id="EditorRight">
    <keyboard-shortcut first-keystroke="right" />
  </action>
  <action id="FileChooser.GotoDesktop" />
  <action id="Find">
    <keyboard-shortcut first-keystroke="meta f" />
    <keyboard-shortcut first-keystroke="ctrl f" />
  </action>
  <action id="FindNext" />
  <action id="FindPrevious" />
  <action id="FindUsages">
    <keyboard-shortcut first-keystroke="meta g" />
  </action>
  <action id="Generate">
    <keyboard-shortcut first-keystroke="meta n" />
    <keyboard-shortcut first-keystroke="ctrl n" />
  </action>
  <action id="GotoFile" />
  <action id="NewElement">
    <keyboard-shortcut first-keystroke="meta n" />
  </action>
  <action id="OptimizeImports">
    <keyboard-shortcut first-keystroke="ctrl alt o" />
    <keyboard-shortcut first-keystroke="shift meta o" />
  </action>
  <action id="ReformatCode">
    <keyboard-shortcut first-keystroke="shift meta l" />
  </action>
  <action id="RenameElement">
    <keyboard-shortcut first-keystroke="shift meta r" />
  </action>
  <action id="Replace">
    <keyboard-shortcut first-keystroke="meta r" />
    <keyboard-shortcut first-keystroke="ctrl r" />
  </action>
  <action id="ReplaceInPath" />
  <action id="Run" />
  <action id="SendEOF" />
  <action id="Vcs.QuickListPopupAction" />
  <action id="ViewSource">
    <keyboard-shortcut first-keystroke="meta enter" />
    <keyboard-shortcut first-keystroke="ctrl enter" />
  </action>
  <action id="android.deploy.ApplyChanges">
    <keyboard-shortcut first-keystroke="ctrl meta r" />
  </action>
  <action id="android.deploy.CodeSwap">
    <keyboard-shortcut first-keystroke="shift ctrl meta r" />
  </action>
  <action id="openAssertEqualsDiff" />
</keymap>