<profile version="1.0" is_locked="false">
  <option name="myName" value="YYAthena" />
  <inspection_tool class="FallthruInSwitchStatement" enabled="true" level="ERROR" enabled_by_default="true" />
  <inspection_tool class="Reformat" enabled="true" level="ERROR" enabled_by_default="true" />
  <inspection_tool class="SuspiciousNameCombination" enabled="false" level="WARNING" enabled_by_default="false">
    <group names="x,width,left,right" />
    <group names="y,height,top,bottom" />
    <ignored>
      <option name="METHOD_MATCHER_CONFIG" value="java.io.PrintStream,println,java.io.PrintWriter,println,java.lang.System,identityHashCode,java.sql.PreparedStatement,set.*,java.sql.ResultSet,update.*,java.sql.SQLOutput,write.*,java.lang.Integer,compare.*,java.lang.Long,compare.*,java.lang.Short,compare,java.lang.Byte,compare,java.lang.Character,compare,java.lang.Boolean,compare,java.lang.Math,.*,java.lang.StrictMath,.*" />
    </ignored>
  </inspection_tool>
  <inspection_tool class="UnnecessarySemicolon" enabled="true" level="ERROR" enabled_by_default="true" />
</profile>